project_id,client_id,freelancer_id,project_name,category,total_budget,start_date,expected_end_date,actual_end_date,project_status
1,100,125,Project 1,Content Writing,3831,2026-03-18,2026-05-25,,Ongoing
2,116,434,Project 2,SEO,2014,2026-02-13,2026-04-11,2026-04-30,Completed
3,14,138,Project 3,Graphic Design,1147,2025-07-04,2025-09-25,,Ongoing
4,195,301,Project 4,UI/UX,8354,2024-10-17,2024-11-10,,Ongoing
5,78,490,Project 5,Data Analytics,3970,2025-02-05,2025-03-18,,Cancelled
6,194,246,Project 6,UI/UX,3850,2025-06-28,2025-08-06,2025-08-19,Completed
7,142,165,Project 7,Content Writing,6736,2024-09-30,2024-12-04,,Ongoing
8,79,134,Project 8,SEO,8901,2026-03-07,2026-05-20,,Cancelled
9,26,412,Project 9,Cybersecurity,5746,2026-03-27,2026-06-13,,On Hold
10,81,212,Project 10,Data Analytics,9716,2024-07-14,2024-08-24,,Cancelled
11,5,134,Project 11,Graphic Design,5336,2024-11-10,2024-12-23,,Ongoing
12,85,118,Project 12,Graphic Design,9835,2026-02-21,2026-03-27,,Ongoing
13,141,336,Project 13,SEO,4716,2026-02-24,2026-04-11,,On Hold
14,186,329,Project 14,Cybersecurity,8050,2024-12-22,2025-04-13,,On Hold
15,44,72,Project 15,Cybersecurity,3515,2025-05-22,2025-06-27,,Cancelled
16,9,430,Project 16,Web Development,1294,2026-04-25,2026-07-18,2026-07-24,Completed
17,36,432,Project 17,UI/UX,1613,2025-11-20,2026-03-12,2026-03-15,Completed
18,3,112,Project 18,Cybersecurity,6614,2025-01-09,2025-04-24,,Ongoing
19,169,250,Project 19,Data Analytics,608,2026-02-14,2026-03-08,,On Hold
20,4,9,Project 20,Content Writing,9277,2025-06-27,2025-09-18,,On Hold
21,179,346,Project 21,Graphic Design,3437,2025-09-30,2025-11-20,2025-11-26,Completed
22,39,124,Project 22,UI/UX,9125,2024-09-21,2024-10-19,2024-10-25,Completed
23,69,408,Project 23,Graphic Design,1794,2024-07-15,2024-08-31,,Cancelled
24,118,290,Project 24,UI/UX,4200,2025-03-22,2025-05-23,,On Hold
25,167,389,Project 25,Data Analytics,2031,2025-08-31,2025-10-23,2025-11-02,Completed
26,97,283,Project 26,Cybersecurity,1419,2024-10-30,2025-01-04,,On Hold
27,44,43,Project 27,Cybersecurity,7609,2026-03-21,2026-06-25,2026-07-07,Completed
28,145,440,Project 28,Web Development,9153,2025-08-26,2025-12-01,,Cancelled
29,55,462,Project 29,Cybersecurity,4941,2025-03-05,2025-03-25,,Ongoing
30,72,461,Project 30,Data Analytics,3438,2024-10-20,2024-11-09,2024-11-20,Completed
31,54,301,Project 31,Machine Learning,7025,2026-04-07,2026-06-01,2026-06-21,Completed
32,42,289,Project 32,UI/UX,9784,2025-12-22,2026-01-15,,Cancelled
33,99,387,Project 33,Machine Learning,1784,2025-11-08,2026-01-11,,Cancelled
34,14,51,Project 34,Graphic Design,4303,2025-01-17,2025-04-06,,Cancelled
35,155,394,Project 35,Graphic Design,5847,2025-04-01,2025-04-25,,Cancelled
36,116,252,Project 36,UI/UX,6329,2024-10-20,2024-11-07,,Cancelled
37,111,96,Project 37,Graphic Design,1904,2025-08-15,2025-11-08,,On Hold
38,64,366,Project 38,Web Development,1844,2026-05-29,2026-09-19,,Cancelled
39,98,365,Project 39,Machine Learning,6883,2026-03-11,2026-04-29,,Ongoing
40,28,47,Project 40,Data Analytics,5550,2025-10-09,2025-12-03,,Cancelled
41,195,139,Project 41,Web Development,2670,2025-10-31,2026-01-10,,Cancelled
42,111,230,Project 42,Graphic Design,2192,2025-01-05,2025-01-31,,Ongoing
43,142,48,Project 43,SEO,6811,2025-04-18,2025-05-06,2025-05-07,Completed
44,106,199,Project 44,Web Development,9667,2024-07-07,2024-07-23,,Cancelled
45,176,195,Project 45,Machine Learning,2774,2026-01-14,2026-03-01,,Ongoing
46,69,253,Project 46,Machine Learning,1536,2026-01-05,2026-02-23,,Cancelled
47,71,216,Project 47,Content Writing,8433,2024-06-29,2024-08-04,,On Hold
48,65,484,Project 48,UI/UX,8623,2026-04-20,2026-08-13,2026-08-14,Completed
49,118,55,Project 49,Machine Learning,5491,2025-10-09,2026-01-08,,Ongoing
50,86,431,Project 50,Graphic Design,5899,2025-09-05,2025-09-20,,On Hold
51,111,418,Project 51,Machine Learning,5422,2024-06-29,2024-09-08,,Cancelled
52,123,161,Project 52,Machine Learning,7024,2024-12-24,2025-02-18,,Ongoing
53,189,356,Project 53,Cybersecurity,9935,2026-02-01,2026-03-28,,Cancelled
54,84,193,Project 54,Content Writing,6937,2025-02-01,2025-05-27,,Ongoing
55,145,103,Project 55,Machine Learning,9512,2026-05-30,2026-07-30,2026-08-18,Completed
56,182,108,Project 56,Cybersecurity,5273,2025-10-05,2025-10-23,,On Hold
57,105,345,Project 57,Cybersecurity,2780,2025-04-28,2025-08-09,2025-08-25,Completed
58,62,130,Project 58,Machine Learning,7432,2025-03-25,2025-06-29,,Cancelled
59,19,230,Project 59,Cybersecurity,7066,2025-03-04,2025-06-28,,On Hold
60,140,19,Project 60,SEO,9296,2024-12-24,2025-03-17,,On Hold
61,197,128,Project 61,SEO,3225,2025-05-30,2025-08-29,2025-08-22,Completed
62,166,347,Project 62,Graphic Design,5932,2025-10-31,2026-02-05,2026-02-13,Completed
63,28,6,Project 63,Web Development,4739,2026-02-15,2026-06-11,,On Hold
64,115,192,Project 64,Graphic Design,8086,2025-04-09,2025-05-22,,Ongoing
65,89,13,Project 65,Cybersecurity,2212,2024-09-05,2024-12-27,,Ongoing
66,22,60,Project 66,Machine Learning,6207,2025-07-01,2025-08-22,,On Hold
67,117,402,Project 67,UI/UX,9037,2025-10-20,2025-12-13,,Cancelled
68,122,50,Project 68,Cybersecurity,7912,2026-03-01,2026-05-16,,Cancelled
69,12,415,Project 69,Web Development,870,2025-03-23,2025-05-17,2025-05-16,Completed
70,43,477,Project 70,UI/UX,8954,2025-10-09,2025-12-06,2025-12-17,Completed
71,85,287,Project 71,Graphic Design,8070,2025-09-11,2025-10-18,,Ongoing
72,162,95,Project 72,Machine Learning,7580,2025-01-27,2025-03-12,,On Hold
73,158,453,Project 73,UI/UX,7865,2024-09-10,2024-11-14,2024-11-27,Completed
74,100,3,Project 74,UI/UX,3871,2024-08-08,2024-11-06,,On Hold
75,27,410,Project 75,Machine Learning,6493,2026-06-15,2026-08-04,2026-08-12,Completed
76,118,59,Project 76,Content Writing,8519,2025-10-04,2025-11-29,,Ongoing
77,153,199,Project 77,Graphic Design,2371,2026-03-14,2026-06-04,,Cancelled
78,118,317,Project 78,Machine Learning,5373,2024-12-30,2025-02-27,,Cancelled
79,35,161,Project 79,Web Development,4408,2025-11-24,2026-02-25,2026-03-08,Completed
80,96,356,Project 80,Machine Learning,8869,2026-04-06,2026-05-30,2026-05-25,Completed
81,153,71,Project 81,Graphic Design,7431,2025-01-27,2025-04-01,,On Hold
82,163,276,Project 82,Machine Learning,9591,2024-10-10,2024-11-17,,On Hold
83,74,72,Project 83,Machine Learning,5654,2026-01-03,2026-02-08,,On Hold
84,92,488,Project 84,Data Analytics,8439,2026-04-11,2026-06-22,2026-07-09,Completed
85,99,494,Project 85,Cybersecurity,7203,2026-02-01,2026-03-05,,Ongoing
86,107,364,Project 86,Cybersecurity,8506,2026-01-30,2026-05-12,,On Hold
87,8,408,Project 87,UI/UX,5285,2025-09-04,2025-10-10,2025-10-18,Completed
88,58,276,Project 88,Content Writing,3255,2025-10-18,2025-11-06,,Cancelled
89,145,381,Project 89,Cybersecurity,9506,2025-11-02,2026-02-24,,On Hold
90,30,138,Project 90,SEO,9380,2025-12-02,2026-02-20,2026-02-28,Completed
91,185,226,Project 91,UI/UX,7465,2025-10-15,2026-02-12,2026-02-26,Completed
92,77,448,Project 92,Data Analytics,7868,2026-06-22,2026-07-20,,Ongoing
93,23,225,Project 93,Web Development,4382,2024-12-29,2025-02-15,,Cancelled
94,182,313,Project 94,Graphic Design,3219,2025-04-24,2025-06-04,,Cancelled
95,53,417,Project 95,UI/UX,1472,2025-04-02,2025-07-04,,Ongoing
96,137,144,Project 96,Machine Learning,5802,2024-07-18,2024-10-13,,Cancelled
97,75,294,Project 97,Content Writing,8928,2025-11-22,2026-03-07,,Cancelled
98,193,403,Project 98,Graphic Design,1471,2025-08-15,2025-11-24,2025-11-18,Completed
99,180,444,Project 99,Machine Learning,4590,2024-11-08,2024-12-28,,Ongoing
100,64,390,Project 100,Graphic Design,8519,2025-12-06,2026-01-08,,Cancelled
101,161,213,Project 101,Graphic Design,7905,2024-12-02,2025-01-04,,Cancelled
102,132,384,Project 102,Content Writing,6546,2025-07-18,2025-08-11,2025-08-13,Completed
103,84,298,Project 103,Data Analytics,2026,2026-01-17,2026-03-31,,On Hold
104,163,341,Project 104,SEO,1537,2026-04-16,2026-08-02,,On Hold
105,56,496,Project 105,Graphic Design,3970,2025-10-27,2026-02-20,,On Hold
106,83,425,Project 106,Content Writing,6033,2025-06-28,2025-09-14,,Cancelled
107,145,437,Project 107,Cybersecurity,6131,2026-03-03,2026-05-27,,Ongoing
108,26,321,Project 108,Cybersecurity,766,2026-02-27,2026-06-09,2026-05-31,Completed
109,113,234,Project 109,Data Analytics,7509,2026-03-25,2026-04-24,,Ongoing
110,167,155,Project 110,Machine Learning,4989,2024-11-02,2024-12-12,,Ongoing
111,65,43,Project 111,SEO,3211,2024-09-02,2024-09-28,,Cancelled
112,161,157,Project 112,UI/UX,7532,2024-09-24,2024-10-15,,On Hold
113,25,1,Project 113,UI/UX,8312,2024-12-29,2025-04-06,2025-04-18,Completed
114,152,116,Project 114,Cybersecurity,652,2026-02-03,2026-02-27,,Ongoing
115,31,441,Project 115,Graphic Design,2665,2026-01-01,2026-01-17,,Cancelled
116,99,46,Project 116,Web Development,2190,2024-11-03,2025-01-18,2025-01-15,Completed
117,77,71,Project 117,Graphic Design,2681,2025-11-01,2025-12-26,,Cancelled
118,18,272,Project 118,Data Analytics,3188,2025-02-23,2025-05-31,,Ongoing
119,185,110,Project 119,Machine Learning,7245,2024-08-27,2024-11-06,,Cancelled
120,56,45,Project 120,Web Development,2793,2025-03-09,2025-06-10,,On Hold
121,187,197,Project 121,SEO,7535,2025-12-19,2026-04-09,2026-04-17,Completed
122,64,142,Project 122,Web Development,4565,2025-02-02,2025-03-29,,Ongoing
123,200,482,Project 123,Data Analytics,5442,2026-01-20,2026-04-15,,Cancelled
124,192,201,Project 124,Content Writing,1394,2025-02-20,2025-04-02,,Ongoing
125,127,198,Project 125,Web Development,4449,2024-12-30,2025-04-24,,Ongoing
126,4,185,Project 126,SEO,2662,2025-01-23,2025-04-11,2025-04-17,Completed
127,94,280,Project 127,Machine Learning,8217,2026-03-07,2026-05-10,,On Hold
128,151,35,Project 128,Data Analytics,4795,2025-06-01,2025-09-22,2025-09-12,Completed
129,16,486,Project 129,Graphic Design,8800,2026-03-18,2026-04-29,2026-05-18,Completed
130,109,360,Project 130,Graphic Design,1850,2025-08-23,2025-10-13,,On Hold
131,72,43,Project 131,Content Writing,1794,2026-05-14,2026-08-18,,Ongoing
132,40,275,Project 132,SEO,6901,2024-08-14,2024-11-02,,Ongoing
133,179,224,Project 133,UI/UX,1448,2026-04-04,2026-07-03,2026-07-02,Completed
134,112,60,Project 134,Cybersecurity,1401,2025-06-23,2025-08-08,2025-08-27,Completed
135,31,7,Project 135,Machine Learning,685,2026-03-19,2026-05-12,,Ongoing
136,89,268,Project 136,Content Writing,3235,2025-03-29,2025-05-03,,On Hold
137,192,400,Project 137,Content Writing,2434,2025-01-27,2025-03-30,,Ongoing
138,110,140,Project 138,Web Development,4808,2024-08-01,2024-11-22,2024-11-22,Completed
139,117,262,Project 139,SEO,1408,2026-03-09,2026-06-23,2026-06-28,Completed
140,95,81,Project 140,Content Writing,2185,2024-10-01,2024-12-18,,Ongoing
141,190,261,Project 141,Data Analytics,1221,2024-11-16,2025-02-12,2025-02-09,Completed
142,12,242,Project 142,SEO,6774,2025-04-18,2025-05-04,,Ongoing
143,10,284,Project 143,Graphic Design,4178,2025-08-13,2025-09-16,,Ongoing
144,107,469,Project 144,SEO,4944,2026-04-16,2026-06-11,,Ongoing
145,96,62,Project 145,Data Analytics,3438,2025-05-23,2025-09-20,2025-09-28,Completed
146,103,36,Project 146,Cybersecurity,5125,2025-02-09,2025-03-24,2025-04-13,Completed
147,84,45,Project 147,Cybersecurity,630,2025-11-28,2026-03-22,,Cancelled
148,75,289,Project 148,Content Writing,4474,2026-01-13,2026-03-16,,Ongoing
149,152,498,Project 149,Cybersecurity,3701,2025-06-14,2025-08-27,,Cancelled
150,39,4,Project 150,Graphic Design,891,2025-09-27,2026-01-13,,Ongoing
151,163,430,Project 151,Data Analytics,5988,2024-10-30,2024-12-13,,Cancelled
152,189,373,Project 152,Content Writing,2203,2025-09-29,2025-10-14,,On Hold
153,108,252,Project 153,Data Analytics,2832,2024-06-26,2024-08-06,,Ongoing
154,24,23,Project 154,UI/UX,9015,2025-01-08,2025-04-24,,Cancelled
155,118,499,Project 155,Web Development,2065,2025-12-31,2026-03-08,,Cancelled
156,164,420,Project 156,Graphic Design,1726,2024-10-24,2025-01-11,,Ongoing
157,170,494,Project 157,Machine Learning,4379,2026-01-02,2026-04-02,2026-04-05,Completed
158,81,475,Project 158,Graphic Design,5845,2025-06-15,2025-08-06,,Cancelled
159,70,120,Project 159,Web Development,3821,2026-01-02,2026-02-26,,On Hold
160,28,85,Project 160,Cybersecurity,8135,2024-08-26,2024-09-27,2024-09-21,Completed
161,31,275,Project 161,SEO,3901,2025-09-15,2025-11-09,,On Hold
162,119,136,Project 162,Web Development,1981,2025-09-29,2025-12-10,,Cancelled
163,181,357,Project 163,Data Analytics,4022,2025-04-13,2025-05-18,,Cancelled
164,24,365,Project 164,UI/UX,6328,2026-05-29,2026-07-24,,Ongoing
165,77,134,Project 165,Machine Learning,1009,2025-03-30,2025-06-03,2025-06-14,Completed
166,143,384,Project 166,UI/UX,2051,2024-07-20,2024-09-24,,On Hold
167,36,63,Project 167,Data Analytics,1510,2024-11-15,2025-01-28,2025-02-12,Completed
168,34,102,Project 168,Graphic Design,6598,2025-03-22,2025-07-14,,Ongoing
169,151,133,Project 169,Web Development,857,2024-07-03,2024-10-13,2024-10-21,Completed
170,166,228,Project 170,Machine Learning,2006,2025-02-13,2025-03-08,,Ongoing
171,32,22,Project 171,Cybersecurity,1329,2026-02-22,2026-06-20,,Cancelled
172,186,203,Project 172,Cybersecurity,983,2024-11-09,2024-12-15,,On Hold
173,45,182,Project 173,UI/UX,3566,2025-10-30,2026-01-01,,On Hold
174,115,453,Project 174,Machine Learning,1067,2025-09-24,2025-11-13,,Cancelled
175,166,152,Project 175,Cybersecurity,7250,2024-12-21,2025-03-24,,Ongoing
176,16,45,Project 176,Content Writing,6775,2025-11-11,2026-02-04,,On Hold
177,52,330,Project 177,UI/UX,9407,2025-03-01,2025-04-02,,On Hold
178,183,184,Project 178,Cybersecurity,9421,2024-09-25,2025-01-19,2025-01-21,Completed
179,89,468,Project 179,SEO,6863,2025-03-30,2025-07-23,,On Hold
180,7,164,Project 180,UI/UX,980,2025-08-27,2025-10-15,,Ongoing
181,15,415,Project 181,Cybersecurity,9174,2024-10-23,2025-02-18,,Cancelled
182,41,52,Project 182,UI/UX,4451,2026-02-15,2026-04-16,,Ongoing
183,57,295,Project 183,Graphic Design,6313,2025-01-26,2025-03-16,2025-03-30,Completed
184,61,304,Project 184,SEO,6378,2025-01-21,2025-02-27,,Ongoing
185,180,181,Project 185,Machine Learning,9725,2025-12-07,2026-03-07,2026-03-19,Completed
186,139,159,Project 186,Machine Learning,8535,2025-09-01,2025-10-10,,On Hold
187,60,309,Project 187,UI/UX,826,2025-02-24,2025-03-15,2025-03-06,Completed
188,1,170,Project 188,UI/UX,2637,2026-04-03,2026-06-24,,On Hold
189,83,31,Project 189,Data Analytics,2920,2026-06-20,2026-08-17,,Ongoing
190,199,57,Project 190,SEO,1688,2025-02-28,2025-05-29,,Ongoing
191,151,52,Project 191,SEO,5444,2026-04-12,2026-06-13,,On Hold
192,41,375,Project 192,Graphic Design,8482,2025-03-12,2025-05-07,,Ongoing
193,45,363,Project 193,SEO,4157,2024-11-07,2025-02-13,,Cancelled
194,97,158,Project 194,Content Writing,2586,2026-05-17,2026-08-25,,Ongoing
195,180,486,Project 195,Graphic Design,9797,2026-04-25,2026-06-01,2026-06-21,Completed
196,155,163,Project 196,UI/UX,9765,2025-04-13,2025-05-02,,Ongoing
197,37,170,Project 197,Web Development,4399,2024-12-06,2025-01-03,,On Hold
198,43,326,Project 198,Web Development,6000,2025-12-06,2026-02-03,,Cancelled
199,54,128,Project 199,Web Development,6242,2024-09-26,2024-12-07,2024-12-05,Completed
200,1,25,Project 200,Graphic Design,7679,2025-12-11,2026-01-27,2026-02-09,Completed
201,43,453,Project 201,Graphic Design,8578,2025-08-28,2025-12-14,,On Hold
202,140,193,Project 202,Web Development,8355,2024-10-24,2024-12-26,,Cancelled
203,42,232,Project 203,Web Development,1047,2025-03-17,2025-07-10,,Ongoing
204,67,488,Project 204,Web Development,1715,2025-10-11,2025-12-02,2025-12-02,Completed
205,97,83,Project 205,Web Development,9462,2024-07-20,2024-09-16,,Ongoing
206,153,315,Project 206,Cybersecurity,1007,2026-03-25,2026-04-20,,Cancelled
207,156,456,Project 207,Graphic Design,3073,2024-12-26,2025-03-06,,Ongoing
208,53,499,Project 208,UI/UX,7205,2025-07-18,2025-08-08,2025-08-08,Completed
209,170,145,Project 209,Content Writing,4391,2024-07-28,2024-11-09,,Cancelled
210,147,282,Project 210,Cybersecurity,3016,2026-06-20,2026-07-17,2026-07-19,Completed
211,1,219,Project 211,Web Development,5325,2025-10-19,2025-11-09,,Cancelled
212,52,50,Project 212,Data Analytics,3890,2025-10-13,2026-02-10,,On Hold
213,21,243,Project 213,Web Development,5552,2024-07-07,2024-08-12,,Cancelled
214,121,251,Project 214,Content Writing,1993,2025-11-09,2026-03-04,,On Hold
215,48,190,Project 215,Graphic Design,6552,2025-04-23,2025-07-29,,On Hold
216,12,135,Project 216,Cybersecurity,8119,2025-03-27,2025-05-04,,On Hold
217,69,289,Project 217,Data Analytics,2976,2025-07-28,2025-09-14,,Ongoing
218,172,177,Project 218,Graphic Design,4227,2025-06-04,2025-09-23,2025-09-15,Completed
219,100,420,Project 219,Graphic Design,9273,2024-10-12,2025-01-05,2025-01-21,Completed
220,147,452,Project 220,UI/UX,8303,2025-11-13,2026-02-23,,On Hold
221,183,18,Project 221,Machine Learning,2470,2025-09-26,2025-11-18,2025-11-20,Completed
222,45,486,Project 222,Machine Learning,3971,2025-01-29,2025-05-20,,On Hold
223,33,22,Project 223,Graphic Design,1783,2025-10-19,2026-02-14,,Ongoing
224,52,422,Project 224,Machine Learning,4725,2025-10-20,2026-01-30,,On Hold
225,100,285,Project 225,Graphic Design,9544,2025-01-06,2025-03-02,2025-02-22,Completed
226,134,235,Project 226,Data Analytics,9061,2025-09-08,2025-11-03,,Cancelled
227,29,213,Project 227,Machine Learning,2928,2024-10-01,2025-01-24,,On Hold
228,28,289,Project 228,Web Development,5187,2026-02-20,2026-05-18,2026-06-06,Completed
229,106,136,Project 229,Graphic Design,8455,2024-09-07,2024-11-29,,Cancelled
230,10,89,Project 230,Content Writing,7102,2025-11-30,2026-02-26,,On Hold
231,10,203,Project 231,SEO,4392,2024-09-17,2024-10-20,,On Hold
232,69,460,Project 232,SEO,831,2024-09-14,2024-10-05,,On Hold
233,80,144,Project 233,Cybersecurity,2109,2024-09-08,2024-11-05,,Cancelled
234,77,499,Project 234,Cybersecurity,5757,2024-11-15,2024-12-29,,Ongoing
235,155,331,Project 235,Web Development,3579,2024-11-16,2025-01-04,,On Hold
236,105,380,Project 236,Cybersecurity,8962,2025-01-01,2025-03-13,,Ongoing
237,41,34,Project 237,Content Writing,8803,2025-07-10,2025-09-10,2025-09-16,Completed
238,200,436,Project 238,Data Analytics,3346,2024-11-17,2025-01-22,,Ongoing
239,15,128,Project 239,Data Analytics,7978,2025-11-19,2025-12-28,,Ongoing
240,181,102,Project 240,Content Writing,6535,2025-01-24,2025-02-14,,Cancelled
241,130,204,Project 241,Web Development,1000,2024-07-21,2024-11-18,,On Hold
242,126,305,Project 242,Cybersecurity,3409,2025-06-20,2025-08-04,,Cancelled
243,89,84,Project 243,Content Writing,1980,2024-11-21,2025-02-04,,Cancelled
244,13,84,Project 244,UI/UX,4126,2026-05-06,2026-06-26,2026-06-28,Completed
245,174,106,Project 245,Content Writing,7209,2025-02-19,2025-05-27,,Ongoing
246,200,496,Project 246,Data Analytics,8267,2024-06-25,2024-09-13,2024-09-30,Completed
247,154,411,Project 247,Data Analytics,4166,2025-10-26,2025-11-26,,Ongoing
248,183,496,Project 248,Content Writing,7443,2026-04-16,2026-06-02,,Cancelled
249,118,130,Project 249,UI/UX,8146,2026-02-23,2026-04-27,,Cancelled
250,150,53,Project 250,Data Analytics,8880,2025-10-25,2025-12-17,,On Hold
251,144,332,Project 251,Content Writing,5390,2024-10-10,2025-01-17,,Cancelled
252,17,173,Project 252,Content Writing,5827,2024-08-27,2024-12-07,2024-12-12,Completed
253,168,365,Project 253,Content Writing,3586,2025-07-02,2025-08-21,,Cancelled
254,15,413,Project 254,Graphic Design,5736,2025-12-03,2026-01-06,,Ongoing
255,185,14,Project 255,Cybersecurity,5343,2024-09-05,2024-12-16,,Ongoing
256,104,199,Project 256,Data Analytics,9872,2024-12-27,2025-02-13,,On Hold
257,88,372,Project 257,UI/UX,9259,2024-12-08,2025-04-06,,Ongoing
258,172,184,Project 258,Content Writing,3285,2026-06-15,2026-09-19,,On Hold
259,76,50,Project 259,Cybersecurity,2596,2025-01-25,2025-05-04,,Ongoing
260,186,414,Project 260,Machine Learning,5999,2025-05-28,2025-09-14,,Cancelled
261,91,115,Project 261,Content Writing,7389,2024-09-03,2024-12-10,2024-12-07,Completed
262,96,134,Project 262,Content Writing,8098,2024-10-28,2025-02-20,,Cancelled
263,14,444,Project 263,Web Development,8236,2024-07-21,2024-08-20,,On Hold
264,175,196,Project 264,Content Writing,7268,2025-01-21,2025-03-01,2025-03-18,Completed
265,36,103,Project 265,SEO,7204,2026-01-29,2026-02-19,,Ongoing
266,37,162,Project 266,Machine Learning,1824,2025-02-06,2025-05-04,,On Hold
267,162,91,Project 267,SEO,1450,2025-12-14,2026-03-01,,Cancelled
268,71,108,Project 268,Machine Learning,9941,2024-08-31,2024-09-15,,On Hold
269,126,403,Project 269,Web Development,2620,2025-12-29,2026-04-20,,Ongoing
270,163,220,Project 270,Graphic Design,7529,2024-07-26,2024-10-27,,On Hold
271,2,20,Project 271,UI/UX,6612,2026-03-07,2026-05-22,,On Hold
272,194,427,Project 272,UI/UX,793,2025-10-20,2025-11-05,,Cancelled
273,188,128,Project 273,UI/UX,6141,2024-10-25,2025-02-03,2025-02-13,Completed
274,27,197,Project 274,Content Writing,3236,2025-03-11,2025-05-04,,Ongoing
275,75,234,Project 275,SEO,7605,2025-05-08,2025-05-31,2025-05-30,Completed
276,88,462,Project 276,Cybersecurity,6385,2025-09-20,2025-12-31,,Ongoing
277,43,486,Project 277,Graphic Design,813,2026-03-27,2026-07-16,,Ongoing
278,187,68,Project 278,UI/UX,859,2024-08-29,2024-10-12,,Ongoing
279,32,188,Project 279,Data Analytics,6647,2026-02-08,2026-05-09,,Ongoing
280,198,274,Project 280,Data Analytics,1285,2024-11-03,2025-02-07,,Cancelled
281,6,25,Project 281,Web Development,7328,2025-04-11,2025-07-19,2025-07-29,Completed
282,32,281,Project 282,Content Writing,8272,2026-05-27,2026-08-06,,On Hold
283,53,356,Project 283,Data Analytics,5433,2025-01-07,2025-04-21,,Ongoing
284,134,139,Project 284,Machine Learning,7362,2025-03-31,2025-06-07,2025-06-18,Completed
285,30,402,Project 285,Web Development,8654,2026-03-06,2026-04-03,2026-04-02,Completed
286,200,135,Project 286,UI/UX,6364,2026-01-28,2026-03-09,,Ongoing
287,76,83,Project 287,Data Analytics,9480,2025-10-10,2026-01-23,,On Hold
288,177,478,Project 288,Cybersecurity,5916,2026-01-26,2026-04-14,,Ongoing
289,172,46,Project 289,Web Development,9906,2024-09-13,2024-10-28,2024-10-18,Completed
290,39,487,Project 290,Web Development,8883,2025-11-13,2026-02-21,,On Hold
291,66,330,Project 291,UI/UX,7983,2024-08-04,2024-08-28,2024-09-15,Completed
292,119,26,Project 292,Web Development,3362,2026-05-12,2026-07-03,,Cancelled
293,93,411,Project 293,SEO,7479,2024-10-17,2024-11-06,,Cancelled
294,195,456,Project 294,Data Analytics,658,2025-04-23,2025-08-10,2025-08-03,Completed
295,85,184,Project 295,Cybersecurity,4895,2025-08-28,2025-09-29,,Ongoing
296,88,94,Project 296,Web Development,7066,2026-01-30,2026-05-18,2026-05-19,Completed
297,70,428,Project 297,Graphic Design,8335,2025-10-31,2026-01-05,,On Hold
298,167,454,Project 298,Machine Learning,2352,2024-11-02,2025-02-27,,On Hold
299,41,54,Project 299,Graphic Design,8408,2025-03-27,2025-04-27,2025-05-17,Completed
300,47,313,Project 300,Graphic Design,6375,2025-03-12,2025-07-07,,On Hold
301,176,451,Project 301,Machine Learning,8414,2024-07-14,2024-10-15,2024-11-01,Completed
302,106,226,Project 302,Data Analytics,1537,2025-11-05,2026-01-21,2026-02-08,Completed
303,4,361,Project 303,UI/UX,6042,2026-02-25,2026-04-14,,Cancelled
304,170,373,Project 304,UI/UX,8395,2026-06-04,2026-08-24,2026-08-27,Completed
305,39,430,Project 305,Data Analytics,690,2024-09-26,2024-11-24,,On Hold
306,130,435,Project 306,Cybersecurity,8623,2026-04-26,2026-08-01,,Ongoing
307,126,165,Project 307,UI/UX,5921,2024-09-13,2024-10-19,2024-11-02,Completed
308,58,282,Project 308,Graphic Design,7107,2025-04-19,2025-06-08,2025-06-14,Completed
309,21,236,Project 309,Cybersecurity,9888,2024-07-26,2024-11-22,,Ongoing
310,128,229,Project 310,SEO,2444,2024-12-31,2025-03-13,2025-03-30,Completed
311,104,212,Project 311,Data Analytics,9628,2025-02-07,2025-04-26,2025-04-19,Completed
312,24,406,Project 312,Content Writing,8828,2025-11-20,2026-02-13,2026-03-01,Completed
313,168,344,Project 313,Cybersecurity,6084,2025-10-31,2026-01-25,,Ongoing
314,58,433,Project 314,Cybersecurity,5939,2026-01-05,2026-03-07,2026-03-23,Completed
315,184,337,Project 315,SEO,7914,2025-08-18,2025-11-12,,On Hold
316,169,114,Project 316,Data Analytics,6092,2025-08-10,2025-09-08,2025-09-22,Completed
317,141,268,Project 317,SEO,2241,2026-06-07,2026-08-06,,Cancelled
318,127,72,Project 318,Graphic Design,2252,2025-10-25,2025-11-14,,Ongoing
319,49,62,Project 319,Graphic Design,4032,2025-02-25,2025-04-13,,Ongoing
320,184,174,Project 320,Web Development,7290,2025-07-10,2025-09-21,,Ongoing
321,116,235,Project 321,Machine Learning,8672,2025-11-17,2025-12-07,2025-12-21,Completed
322,111,430,Project 322,Cybersecurity,8828,2024-08-31,2024-09-15,2024-09-22,Completed
323,178,297,Project 323,Machine Learning,2603,2025-10-19,2026-02-10,,Ongoing
324,169,308,Project 324,SEO,8759,2024-12-21,2025-01-18,,On Hold
325,156,469,Project 325,UI/UX,4982,2025-03-02,2025-05-05,,On Hold
326,76,232,Project 326,Machine Learning,2763,2025-10-30,2026-01-03,,Cancelled
327,180,281,Project 327,SEO,9569,2025-03-31,2025-06-06,,Cancelled
328,52,108,Project 328,Content Writing,6157,2026-02-26,2026-06-01,,Ongoing
329,182,333,Project 329,Machine Learning,8755,2025-08-05,2025-11-14,,Ongoing
330,182,60,Project 330,SEO,9712,2026-06-15,2026-09-07,,Cancelled
331,173,383,Project 331,Content Writing,7420,2024-08-01,2024-10-16,,On Hold
332,28,13,Project 332,Graphic Design,2881,2025-10-06,2026-02-01,2026-02-07,Completed
333,69,385,Project 333,Machine Learning,5195,2024-10-15,2024-11-05,2024-11-01,Completed
334,38,430,Project 334,Data Analytics,5335,2026-03-05,2026-06-15,,Cancelled
335,116,53,Project 335,UI/UX,9695,2026-03-07,2026-04-17,2026-04-18,Completed
336,131,402,Project 336,Content Writing,1269,2026-03-20,2026-05-23,,Ongoing
337,107,490,Project 337,SEO,9546,2024-08-16,2024-10-18,,On Hold
338,65,104,Project 338,Cybersecurity,4195,2025-06-17,2025-07-08,2025-07-21,Completed
339,194,302,Project 339,UI/UX,3670,2024-12-16,2025-03-22,,Cancelled
340,46,350,Project 340,Web Development,3563,2026-06-02,2026-07-24,,On Hold
341,11,220,Project 341,Content Writing,9619,2024-07-29,2024-09-04,2024-09-06,Completed
342,42,300,Project 342,Content Writing,592,2024-12-02,2025-01-19,,Ongoing
343,182,480,Project 343,Machine Learning,1154,2025-10-06,2025-12-02,,On Hold
344,153,27,Project 344,Content Writing,8537,2025-04-13,2025-05-17,,Cancelled
345,19,402,Project 345,SEO,9108,2024-12-11,2025-04-06,,Cancelled
346,134,35,Project 346,Machine Learning,7314,2025-05-24,2025-07-06,,Ongoing
347,24,179,Project 347,UI/UX,3995,2026-01-29,2026-04-23,,On Hold
348,85,185,Project 348,Content Writing,4079,2025-05-16,2025-08-23,,Cancelled
349,144,422,Project 349,Data Analytics,2379,2026-03-11,2026-06-30,,On Hold
350,115,124,Project 350,UI/UX,1153,2025-05-15,2025-08-23,,Cancelled
351,98,469,Project 351,Web Development,6822,2024-09-17,2024-12-28,,Cancelled
352,7,467,Project 352,SEO,8926,2025-06-21,2025-08-07,,Cancelled
353,125,23,Project 353,Content Writing,3654,2025-10-13,2026-02-07,,On Hold
354,25,86,Project 354,Data Analytics,1572,2024-09-06,2024-11-01,2024-11-21,Completed
355,176,218,Project 355,Web Development,3868,2025-04-20,2025-05-31,,Ongoing
356,166,419,Project 356,Web Development,3019,2025-08-04,2025-10-26,,On Hold
357,184,170,Project 357,Data Analytics,1933,2024-06-23,2024-07-11,,On Hold
358,65,286,Project 358,Web Development,9920,2024-08-28,2024-09-21,2024-09-16,Completed
359,67,209,Project 359,Graphic Design,7891,2025-09-07,2026-01-05,,Ongoing
360,111,162,Project 360,Data Analytics,6881,2025-09-18,2025-12-22,,On Hold
361,2,329,Project 361,Web Development,1245,2025-01-31,2025-05-12,2025-05-19,Completed
362,129,55,Project 362,Content Writing,5437,2025-06-29,2025-10-11,2025-10-12,Completed
363,196,475,Project 363,Cybersecurity,6749,2024-11-21,2025-02-21,2025-02-20,Completed
364,41,274,Project 364,UI/UX,2734,2025-10-26,2025-12-30,2026-01-04,Completed
365,140,152,Project 365,Machine Learning,5383,2026-05-18,2026-09-05,,On Hold
366,3,284,Project 366,Machine Learning,2519,2025-03-15,2025-06-24,,Cancelled
367,153,202,Project 367,Web Development,5492,2024-08-01,2024-08-21,2024-08-29,Completed
368,55,212,Project 368,Machine Learning,3137,2024-12-02,2025-01-12,,Cancelled
369,158,428,Project 369,Content Writing,3683,2025-05-21,2025-06-28,,Ongoing
370,172,410,Project 370,Data Analytics,9492,2025-08-06,2025-09-04,,Ongoing
371,172,35,Project 371,Content Writing,2108,2025-09-19,2025-12-02,2025-12-01,Completed
372,85,183,Project 372,Machine Learning,4342,2025-06-03,2025-07-13,,On Hold
373,159,36,Project 373,UI/UX,5706,2025-10-16,2025-11-12,,Cancelled
374,85,316,Project 374,Content Writing,2996,2025-11-28,2026-02-13,,On Hold
375,81,491,Project 375,Graphic Design,3262,2024-09-14,2024-12-10,,Cancelled
376,64,403,Project 376,UI/UX,7645,2025-12-30,2026-01-14,,Cancelled
377,35,348,Project 377,SEO,8363,2024-12-02,2025-01-21,,Cancelled
378,92,397,Project 378,Content Writing,8478,2025-02-27,2025-05-12,,On Hold
379,166,311,Project 379,Web Development,5097,2026-02-19,2026-05-15,2026-05-10,Completed
380,138,101,Project 380,Content Writing,1752,2026-05-29,2026-09-26,,Ongoing
381,5,435,Project 381,Data Analytics,9984,2025-01-22,2025-05-10,2025-05-28,Completed
382,10,283,Project 382,Content Writing,9404,2025-07-09,2025-09-13,,Ongoing
383,168,397,Project 383,Machine Learning,6493,2025-11-18,2026-02-10,,On Hold
384,198,302,Project 384,Content Writing,2693,2024-07-26,2024-09-29,,Ongoing
385,94,258,Project 385,Data Analytics,4413,2024-10-20,2025-01-02,2025-01-04,Completed
386,194,264,Project 386,Machine Learning,7810,2024-10-03,2025-01-29,,Ongoing
387,145,486,Project 387,Machine Learning,8421,2025-11-29,2026-01-03,,Ongoing
388,195,250,Project 388,UI/UX,1529,2025-12-02,2026-01-31,2026-01-28,Completed
389,60,22,Project 389,UI/UX,8985,2024-09-09,2024-10-27,,Cancelled
390,100,241,Project 390,Cybersecurity,1260,2025-09-12,2026-01-06,,Cancelled
391,27,361,Project 391,Content Writing,4814,2024-11-07,2024-11-27,,Cancelled
392,97,335,Project 392,Graphic Design,6485,2026-05-03,2026-07-31,,Ongoing
393,65,193,Project 393,UI/UX,8960,2025-04-06,2025-07-05,2025-07-11,Completed
394,89,250,Project 394,Cybersecurity,608,2025-05-23,2025-07-28,,Cancelled
395,113,85,Project 395,UI/UX,1763,2026-01-15,2026-04-04,,Ongoing
396,55,77,Project 396,Machine Learning,3078,2025-11-28,2026-02-16,,Cancelled
397,59,213,Project 397,SEO,2356,2024-09-09,2024-11-09,2024-11-20,Completed
398,123,108,Project 398,Machine Learning,7232,2025-04-21,2025-07-06,,On Hold
399,12,66,Project 399,Machine Learning,2707,2026-05-01,2026-05-18,,Ongoing
400,147,76,Project 400,Data Analytics,3225,2026-02-25,2026-05-31,2026-06-18,Completed
401,133,491,Project 401,Graphic Design,9734,2025-08-27,2025-10-14,,Ongoing
402,185,373,Project 402,Content Writing,1904,2026-01-08,2026-04-14,2026-05-02,Completed
403,156,242,Project 403,Cybersecurity,3294,2025-05-18,2025-06-29,,On Hold
404,154,74,Project 404,Machine Learning,8869,2025-10-17,2025-11-29,,On Hold
405,186,352,Project 405,SEO,7929,2026-05-22,2026-07-09,,Ongoing
406,97,198,Project 406,Machine Learning,2278,2024-09-29,2024-12-29,2024-12-26,Completed
407,134,441,Project 407,Graphic Design,2950,2025-06-22,2025-07-09,,Ongoing
408,122,462,Project 408,Data Analytics,9206,2025-07-15,2025-10-15,2025-10-10,Completed
409,124,338,Project 409,Machine Learning,9335,2024-07-28,2024-10-15,2024-10-07,Completed
410,199,348,Project 410,Graphic Design,9053,2026-05-07,2026-09-04,2026-09-22,Completed
411,12,358,Project 411,Graphic Design,4259,2026-02-26,2026-05-05,,Cancelled
412,197,196,Project 412,SEO,9939,2025-06-11,2025-10-06,,On Hold
413,35,131,Project 413,Cybersecurity,4309,2025-06-29,2025-07-26,,On Hold
414,154,449,Project 414,Graphic Design,4723,2026-04-27,2026-05-22,,Cancelled
415,191,405,Project 415,Data Analytics,9969,2024-10-30,2024-12-08,2024-12-20,Completed
416,2,193,Project 416,UI/UX,5675,2025-08-19,2025-11-08,2025-11-14,Completed
417,28,80,Project 417,Graphic Design,4655,2025-12-08,2026-02-13,,Cancelled
418,145,188,Project 418,Content Writing,7011,2024-09-24,2024-11-11,,On Hold
419,106,283,Project 419,Cybersecurity,3428,2025-04-02,2025-07-22,,Ongoing
420,65,158,Project 420,SEO,7022,2025-09-04,2025-11-05,,On Hold
421,169,61,Project 421,UI/UX,7817,2026-03-30,2026-07-17,,Ongoing
422,26,110,Project 422,Graphic Design,6044,2025-06-26,2025-10-19,,Ongoing
423,100,494,Project 423,Data Analytics,1992,2025-03-31,2025-07-26,2025-07-21,Completed
424,121,475,Project 424,Graphic Design,1944,2026-06-09,2026-10-07,,Ongoing
425,57,190,Project 425,Web Development,1118,2026-04-23,2026-05-16,,Cancelled
426,103,315,Project 426,Content Writing,1441,2026-01-01,2026-04-18,,On Hold
427,164,254,Project 427,Cybersecurity,675,2025-01-08,2025-05-02,,Ongoing
428,50,18,Project 428,UI/UX,3276,2026-05-28,2026-07-07,,Cancelled
429,62,336,Project 429,Data Analytics,3079,2026-06-02,2026-09-11,2026-09-12,Completed
430,200,205,Project 430,SEO,6974,2025-05-20,2025-06-15,,Cancelled
431,133,8,Project 431,Web Development,1977,2024-09-28,2024-12-03,,Ongoing
432,186,425,Project 432,SEO,6193,2025-04-20,2025-07-14,,Cancelled
433,58,311,Project 433,UI/UX,7950,2025-11-16,2026-03-15,,Cancelled
434,45,209,Project 434,Web Development,9652,2025-12-22,2026-02-26,2026-02-24,Completed
435,88,485,Project 435,Web Development,8909,2025-01-27,2025-02-20,,Cancelled
436,178,227,Project 436,Graphic Design,9726,2025-11-17,2026-01-03,,Cancelled
437,194,174,Project 437,Cybersecurity,8048,2026-03-14,2026-05-29,,Ongoing
438,30,133,Project 438,Web Development,6769,2025-11-25,2026-02-23,2026-02-28,Completed
439,174,360,Project 439,UI/UX,5672,2026-05-07,2026-08-11,,Ongoing
440,133,275,Project 440,Data Analytics,4814,2025-09-28,2025-12-04,,Cancelled
441,24,205,Project 441,SEO,1745,2024-11-16,2025-01-01,,Cancelled
442,122,161,Project 442,SEO,4080,2025-09-22,2025-12-16,,Ongoing
443,47,485,Project 443,UI/UX,8675,2025-01-21,2025-04-19,,Cancelled
444,61,377,Project 444,UI/UX,4848,2025-03-02,2025-06-19,,Ongoing
445,52,428,Project 445,UI/UX,6333,2025-10-27,2025-12-07,,Ongoing
446,21,347,Project 446,Cybersecurity,608,2026-06-10,2026-07-14,2026-07-07,Completed
447,124,191,Project 447,SEO,8566,2025-10-11,2026-01-31,2026-02-17,Completed
448,126,94,Project 448,Content Writing,7018,2026-05-24,2026-08-20,,Cancelled
449,14,270,Project 449,Graphic Design,8336,2025-06-26,2025-08-08,,Ongoing
450,89,202,Project 450,Machine Learning,7990,2025-11-12,2026-02-04,2026-02-10,Completed
451,81,353,Project 451,Data Analytics,693,2025-02-13,2025-03-15,,On Hold
452,98,298,Project 452,Web Development,5831,2024-09-15,2024-12-25,,Ongoing
453,48,281,Project 453,Content Writing,4385,2025-03-07,2025-05-07,,Cancelled
454,157,176,Project 454,SEO,3513,2025-06-09,2025-07-28,,On Hold
455,54,215,Project 455,SEO,6481,2025-08-14,2025-10-31,,On Hold
456,116,93,Project 456,Machine Learning,9935,2025-10-23,2025-12-28,,Cancelled
457,26,370,Project 457,Content Writing,4363,2025-04-24,2025-08-04,,Ongoing
458,98,101,Project 458,Machine Learning,2950,2025-12-21,2026-03-17,,On Hold
459,108,256,Project 459,Machine Learning,8970,2026-02-28,2026-05-14,2026-05-09,Completed
460,125,154,Project 460,Content Writing,9710,2025-01-18,2025-04-11,,Cancelled
461,26,354,Project 461,Machine Learning,1483,2026-03-04,2026-05-30,2026-06-01,Completed
462,122,430,Project 462,Web Development,7870,2026-02-03,2026-03-17,,Cancelled
463,67,185,Project 463,SEO,9680,2025-07-10,2025-10-28,,Cancelled
464,89,11,Project 464,Graphic Design,2486,2024-07-11,2024-10-05,,Cancelled
465,148,295,Project 465,Machine Learning,5163,2024-10-07,2024-12-05,,Ongoing
466,173,262,Project 466,Cybersecurity,7822,2025-10-25,2025-12-24,,Cancelled
467,158,147,Project 467,Cybersecurity,2873,2024-11-16,2024-12-11,,On Hold
468,108,324,Project 468,Graphic Design,1668,2025-12-23,2026-01-28,,Cancelled
469,88,117,Project 469,SEO,5691,2024-10-18,2024-11-12,,Ongoing
470,182,137,Project 470,Graphic Design,4944,2025-01-18,2025-04-26,,Cancelled
471,192,301,Project 471,Cybersecurity,7282,2024-12-23,2025-03-04,,Cancelled
472,6,65,Project 472,UI/UX,4622,2026-02-26,2026-04-03,,Ongoing
473,43,204,Project 473,Web Development,2065,2025-11-09,2026-02-27,2026-02-23,Completed
474,141,28,Project 474,Data Analytics,7004,2025-01-24,2025-02-16,,On Hold
475,68,317,Project 475,Machine Learning,1881,2025-12-25,2026-03-17,2026-03-10,Completed
476,80,118,Project 476,UI/UX,5155,2024-07-16,2024-10-22,,On Hold
477,34,270,Project 477,Machine Learning,968,2026-02-08,2026-04-20,,Ongoing
478,84,443,Project 478,Cybersecurity,8154,2024-09-05,2024-09-24,,Cancelled
479,141,228,Project 479,Machine Learning,9335,2026-03-19,2026-06-11,,Cancelled
480,162,384,Project 480,Graphic Design,9076,2025-12-15,2026-01-21,,On Hold
481,89,247,Project 481,UI/UX,1967,2026-03-17,2026-06-21,,Cancelled
482,94,212,Project 482,Content Writing,3051,2025-12-17,2026-02-26,,Cancelled
483,134,418,Project 483,Machine Learning,6134,2025-08-07,2025-09-29,2025-09-19,Completed
484,137,5,Project 484,Cybersecurity,8316,2024-12-13,2025-02-02,,On Hold
485,111,409,Project 485,Content Writing,4288,2026-01-17,2026-03-11,2026-03-25,Completed
486,96,97,Project 486,Graphic Design,9684,2026-01-27,2026-05-23,2026-05-30,Completed
487,64,84,Project 487,Graphic Design,6699,2025-01-19,2025-03-30,,On Hold
488,21,217,Project 488,UI/UX,8964,2025-10-21,2025-12-03,,Cancelled
489,73,333,Project 489,Content Writing,7265,2026-05-01,2026-08-21,,Cancelled
490,35,149,Project 490,Web Development,7960,2025-04-02,2025-05-11,2025-05-06,Completed
491,70,359,Project 491,Cybersecurity,3576,2026-05-23,2026-08-25,,On Hold
492,13,497,Project 492,Data Analytics,3546,2026-06-06,2026-08-01,2026-07-26,Completed
493,69,65,Project 493,Cybersecurity,634,2025-02-06,2025-03-06,,Cancelled
494,4,253,Project 494,UI/UX,6101,2025-07-31,2025-09-13,2025-09-07,Completed
495,128,191,Project 495,Cybersecurity,1019,2024-07-02,2024-09-08,,Cancelled
496,193,488,Project 496,Machine Learning,1418,2024-12-23,2025-02-18,2025-03-06,Completed
497,19,279,Project 497,Cybersecurity,3475,2025-09-19,2025-11-07,,On Hold
498,98,425,Project 498,Data Analytics,2498,2026-01-14,2026-02-22,,Cancelled
499,99,395,Project 499,Cybersecurity,4549,2026-03-21,2026-07-12,,Ongoing
500,118,377,Project 500,Web Development,9038,2026-02-19,2026-06-08,2026-06-04,Completed
501,122,200,Project 501,Content Writing,5793,2026-04-20,2026-07-29,,Ongoing
502,141,267,Project 502,Web Development,4650,2025-11-20,2025-12-25,2026-01-07,Completed
503,51,185,Project 503,Data Analytics,4068,2025-10-09,2025-12-24,,Cancelled
504,163,223,Project 504,SEO,746,2025-12-26,2026-01-24,,Ongoing
505,150,62,Project 505,Graphic Design,4482,2025-07-27,2025-09-01,,Cancelled
506,177,244,Project 506,Machine Learning,6584,2025-09-07,2025-09-23,2025-10-01,Completed
507,41,256,Project 507,Web Development,6044,2026-01-11,2026-05-04,2026-05-01,Completed
508,92,331,Project 508,Machine Learning,9287,2026-05-28,2026-09-17,2026-09-08,Completed
509,125,120,Project 509,SEO,9648,2025-01-24,2025-05-20,2025-05-14,Completed
510,113,376,Project 510,UI/UX,849,2024-10-30,2025-02-22,,Cancelled
511,92,371,Project 511,Machine Learning,4607,2025-11-04,2026-02-15,,On Hold
512,181,225,Project 512,Content Writing,9392,2024-11-06,2024-11-26,,On Hold
513,49,291,Project 513,Machine Learning,9406,2024-10-28,2025-02-09,,On Hold
514,188,240,Project 514,Content Writing,9585,2025-07-03,2025-08-31,,Cancelled
515,40,231,Project 515,Content Writing,4814,2025-03-25,2025-04-29,2025-05-05,Completed
516,117,1,Project 516,Graphic Design,3539,2025-05-02,2025-07-25,,Cancelled
517,199,318,Project 517,UI/UX,5754,2025-08-03,2025-08-20,,Cancelled
518,138,420,Project 518,Graphic Design,3610,2024-09-26,2025-01-11,2025-01-22,Completed
519,197,283,Project 519,Machine Learning,5138,2025-08-23,2025-11-13,,On Hold
520,165,165,Project 520,Web Development,2077,2024-12-26,2025-02-20,,On Hold
521,34,92,Project 521,Data Analytics,3810,2025-02-19,2025-05-11,2025-05-02,Completed
522,50,51,Project 522,Data Analytics,9855,2025-11-23,2025-12-21,,On Hold
523,169,251,Project 523,Content Writing,1304,2024-10-14,2025-01-19,,On Hold
524,156,368,Project 524,Web Development,714,2024-10-13,2024-12-13,,Ongoing
525,21,240,Project 525,Data Analytics,6413,2025-02-13,2025-03-26,,On Hold
526,95,407,Project 526,Data Analytics,4855,2024-07-30,2024-10-24,,On Hold
527,19,428,Project 527,Content Writing,1776,2026-05-05,2026-07-26,2026-08-08,Completed
528,186,119,Project 528,Graphic Design,3604,2025-09-16,2025-10-28,2025-10-21,Completed
529,146,321,Project 529,Machine Learning,9649,2025-10-19,2025-11-27,,Ongoing
530,192,55,Project 530,SEO,8015,2025-06-16,2025-10-04,,On Hold
531,27,86,Project 531,Machine Learning,9510,2025-08-15,2025-11-27,,On Hold
532,169,81,Project 532,Cybersecurity,6272,2025-03-11,2025-05-16,,Cancelled
533,96,212,Project 533,Graphic Design,5799,2026-01-17,2026-03-13,,Cancelled
534,145,280,Project 534,UI/UX,6645,2025-02-10,2025-05-13,,Ongoing
535,93,493,Project 535,Cybersecurity,7831,2024-11-30,2025-03-23,,Cancelled
536,9,146,Project 536,Data Analytics,8980,2024-11-04,2025-01-08,2025-01-21,Completed
537,2,154,Project 537,UI/UX,4019,2024-08-11,2024-09-12,,Cancelled
538,177,422,Project 538,Content Writing,9571,2025-06-27,2025-08-21,2025-09-04,Completed
539,25,20,Project 539,Cybersecurity,6327,2025-04-23,2025-07-12,,Ongoing
540,68,188,Project 540,UI/UX,4317,2025-07-20,2025-08-23,,Ongoing
541,24,293,Project 541,Graphic Design,9823,2024-08-29,2024-10-15,,Cancelled
542,84,406,Project 542,Cybersecurity,3332,2024-12-01,2025-01-12,2025-01-25,Completed
543,165,154,Project 543,Data Analytics,9941,2024-11-25,2025-02-10,2025-02-19,Completed
544,15,472,Project 544,SEO,6200,2025-02-20,2025-04-24,2025-05-08,Completed
545,107,477,Project 545,Web Development,4214,2025-03-13,2025-07-10,,On Hold
546,200,324,Project 546,Graphic Design,1386,2024-11-29,2025-03-19,2025-03-29,Completed
547,139,290,Project 547,Machine Learning,5854,2025-12-25,2026-02-17,2026-02-17,Completed
548,40,26,Project 548,Graphic Design,7800,2025-07-15,2025-10-02,,Ongoing
549,111,149,Project 549,Graphic Design,2925,2026-06-21,2026-10-10,2026-10-07,Completed
550,22,244,Project 550,Data Analytics,9480,2026-02-15,2026-03-18,,Cancelled
551,22,205,Project 551,Graphic Design,2636,2026-06-10,2026-08-15,,Cancelled
552,124,287,Project 552,UI/UX,8493,2024-06-29,2024-10-19,,Ongoing
553,144,316,Project 553,UI/UX,4470,2025-10-24,2025-12-28,,Ongoing
554,199,221,Project 554,SEO,9937,2025-05-14,2025-06-07,,Cancelled
555,106,217,Project 555,SEO,6206,2026-04-15,2026-05-11,2026-05-22,Completed
556,89,305,Project 556,Data Analytics,5494,2025-09-14,2025-10-23,,Cancelled
557,158,421,Project 557,Cybersecurity,2889,2025-09-20,2025-10-26,,Cancelled
558,60,103,Project 558,SEO,3055,2026-05-24,2026-08-03,2026-08-22,Completed
559,190,28,Project 559,UI/UX,2919,2025-11-03,2026-02-22,2026-02-15,Completed
560,4,176,Project 560,Web Development,5499,2025-02-12,2025-06-11,,Cancelled
561,6,170,Project 561,UI/UX,9314,2026-04-23,2026-07-04,,On Hold
562,140,268,Project 562,Content Writing,9491,2026-05-14,2026-06-25,,Ongoing
563,178,358,Project 563,Data Analytics,6670,2025-04-01,2025-06-16,,Ongoing
564,44,31,Project 564,Content Writing,3788,2025-07-22,2025-10-19,2025-10-17,Completed
565,14,239,Project 565,Data Analytics,1591,2025-01-15,2025-05-11,,Cancelled
566,170,437,Project 566,SEO,2267,2026-04-20,2026-06-23,,Cancelled
567,167,198,Project 567,UI/UX,6737,2026-02-13,2026-03-02,,Cancelled
568,81,249,Project 568,Web Development,3554,2025-03-24,2025-06-12,2025-06-30,Completed
569,144,475,Project 569,Data Analytics,1151,2026-01-30,2026-03-11,,On Hold
570,86,251,Project 570,Graphic Design,3072,2025-05-14,2025-06-29,,Cancelled
571,176,181,Project 571,SEO,5453,2024-07-25,2024-08-11,,Cancelled
572,16,321,Project 572,Content Writing,6843,2026-04-10,2026-05-25,,Cancelled
573,143,486,Project 573,Content Writing,4195,2024-11-10,2025-03-09,2025-03-29,Completed
574,101,337,Project 574,Machine Learning,1938,2025-07-03,2025-08-06,,Cancelled
575,134,492,Project 575,UI/UX,7337,2026-05-17,2026-09-02,,On Hold
576,110,497,Project 576,Content Writing,5895,2024-10-23,2024-12-07,,Ongoing
577,53,335,Project 577,Machine Learning,9369,2026-05-23,2026-08-03,,Ongoing
578,36,159,Project 578,Machine Learning,7546,2025-07-21,2025-10-31,,Ongoing
579,168,478,Project 579,Machine Learning,5701,2024-06-28,2024-10-19,,Ongoing
580,82,430,Project 580,Machine Learning,983,2024-08-09,2024-09-01,2024-08-27,Completed
581,106,493,Project 581,Graphic Design,5470,2025-10-26,2026-02-15,,Cancelled
582,39,399,Project 582,UI/UX,2249,2026-01-09,2026-03-21,,Cancelled
583,7,391,Project 583,Content Writing,9790,2026-03-17,2026-04-17,,Ongoing
584,153,119,Project 584,UI/UX,927,2025-04-29,2025-07-31,,Ongoing
585,200,245,Project 585,Machine Learning,8730,2024-09-06,2024-11-05,2024-11-17,Completed
586,183,333,Project 586,SEO,3514,2025-07-21,2025-10-21,,On Hold
587,122,71,Project 587,Machine Learning,3666,2025-11-18,2026-01-21,,On Hold
588,196,497,Project 588,Data Analytics,4921,2026-06-06,2026-07-19,2026-07-22,Completed
589,191,344,Project 589,UI/UX,3851,2026-01-10,2026-03-18,,Ongoing
590,113,444,Project 590,Cybersecurity,5823,2025-10-08,2025-10-31,,Ongoing
591,110,208,Project 591,Data Analytics,6732,2026-05-10,2026-07-22,,Ongoing
592,101,314,Project 592,Data Analytics,9030,2025-12-20,2026-04-06,,Cancelled
593,117,424,Project 593,Data Analytics,4525,2024-10-13,2024-11-10,,On Hold
594,189,21,Project 594,Graphic Design,8956,2025-05-24,2025-08-13,,On Hold
595,75,226,Project 595,Graphic Design,5489,2025-02-20,2025-06-12,2025-06-08,Completed
596,119,86,Project 596,Graphic Design,5323,2024-08-25,2024-12-17,,Cancelled
597,133,463,Project 597,Machine Learning,8095,2024-08-01,2024-11-02,2024-11-14,Completed
598,24,370,Project 598,Web Development,3445,2026-01-24,2026-05-01,,On Hold
599,101,212,Project 599,SEO,7887,2025-08-04,2025-11-26,,Ongoing
600,117,303,Project 600,UI/UX,7949,2025-08-17,2025-09-04,,Ongoing
601,83,355,Project 601,Machine Learning,2524,2024-12-06,2025-01-01,,Cancelled
602,116,325,Project 602,SEO,1897,2024-12-29,2025-01-24,2025-02-05,Completed
603,187,406,Project 603,Machine Learning,6704,2025-04-02,2025-06-23,,On Hold
604,12,394,Project 604,Machine Learning,5991,2025-09-26,2025-12-20,,On Hold
605,42,445,Project 605,Machine Learning,3430,2025-05-05,2025-07-31,,Ongoing
606,79,159,Project 606,Cybersecurity,5231,2024-07-05,2024-10-26,2024-10-29,Completed
607,31,461,Project 607,Machine Learning,3823,2025-10-28,2026-01-31,,Ongoing
608,4,235,Project 608,Cybersecurity,8669,2025-07-18,2025-08-02,,Cancelled
609,127,122,Project 609,UI/UX,8294,2025-10-04,2025-12-27,2026-01-05,Completed
610,114,41,Project 610,Data Analytics,4509,2025-09-18,2025-11-30,,On Hold
611,159,322,Project 611,UI/UX,1301,2025-12-27,2026-03-22,,Cancelled
612,15,335,Project 612,SEO,1101,2025-08-25,2025-10-02,,Ongoing
613,148,430,Project 613,Content Writing,5924,2025-11-17,2025-12-20,2025-12-31,Completed
614,107,92,Project 614,Machine Learning,5159,2024-08-15,2024-09-10,2024-09-03,Completed
615,117,384,Project 615,SEO,1087,2026-05-02,2026-08-03,,Ongoing
616,83,189,Project 616,Graphic Design,1608,2024-09-08,2024-10-04,,Cancelled
617,141,34,Project 617,Content Writing,8213,2026-01-19,2026-05-11,,On Hold
618,71,169,Project 618,Graphic Design,9095,2025-01-29,2025-03-02,2025-03-14,Completed
619,157,30,Project 619,Web Development,9861,2024-08-25,2024-10-05,,Ongoing
620,186,353,Project 620,Content Writing,7496,2026-01-03,2026-04-21,2026-04-26,Completed
621,67,270,Project 621,SEO,2625,2025-05-08,2025-08-08,,Cancelled
622,134,374,Project 622,Cybersecurity,8569,2025-04-07,2025-07-09,,On Hold
623,157,120,Project 623,Content Writing,3671,2025-10-18,2026-02-13,,Ongoing
624,120,321,Project 624,Web Development,3896,2025-06-04,2025-06-19,2025-06-09,Completed
625,106,24,Project 625,SEO,6228,2025-07-17,2025-11-11,,On Hold
626,3,328,Project 626,UI/UX,5114,2024-09-30,2024-12-25,,Ongoing
627,77,260,Project 627,SEO,600,2025-04-04,2025-05-21,2025-05-20,Completed
628,88,203,Project 628,Data Analytics,3377,2026-01-26,2026-02-24,,Cancelled
629,87,473,Project 629,Cybersecurity,8274,2025-07-26,2025-09-03,,Cancelled
630,35,247,Project 630,Machine Learning,8046,2026-05-25,2026-09-19,2026-09-29,Completed
631,119,402,Project 631,Graphic Design,1417,2024-10-06,2024-12-28,,Cancelled
632,145,372,Project 632,SEO,9596,2025-10-31,2026-01-20,,Cancelled
633,148,351,Project 633,SEO,6293,2026-04-22,2026-07-14,2026-07-10,Completed
634,72,431,Project 634,Data Analytics,6056,2026-01-25,2026-02-17,,Ongoing
635,147,311,Project 635,Graphic Design,3570,2025-12-08,2026-02-09,,Ongoing
636,193,158,Project 636,SEO,1018,2025-03-22,2025-06-21,2025-07-08,Completed
637,23,255,Project 637,UI/UX,6588,2026-05-18,2026-07-06,,On Hold
638,56,269,Project 638,Content Writing,3367,2025-08-01,2025-10-12,,Cancelled
639,10,399,Project 639,UI/UX,2017,2025-08-02,2025-08-31,,Cancelled
640,124,464,Project 640,Machine Learning,3616,2024-09-21,2024-12-01,2024-12-16,Completed
641,188,448,Project 641,Content Writing,5863,2024-06-26,2024-08-23,,On Hold
642,133,347,Project 642,Machine Learning,3861,2025-09-02,2025-10-05,2025-10-21,Completed
643,100,366,Project 643,Web Development,567,2025-07-20,2025-11-04,2025-11-08,Completed
644,153,447,Project 644,Web Development,5960,2026-05-16,2026-07-09,2026-07-20,Completed
645,134,393,Project 645,Content Writing,868,2025-01-31,2025-04-15,2025-04-08,Completed
646,164,457,Project 646,UI/UX,5757,2025-12-22,2026-03-20,,Cancelled
647,74,142,Project 647,SEO,7727,2026-04-14,2026-05-24,,Ongoing
648,39,81,Project 648,Content Writing,2375,2025-03-01,2025-06-09,2025-06-07,Completed
649,139,180,Project 649,SEO,4940,2025-04-20,2025-05-06,2025-05-02,Completed
650,147,126,Project 650,Machine Learning,1667,2025-10-08,2025-11-10,,Cancelled
651,139,228,Project 651,Data Analytics,2631,2025-07-02,2025-08-25,,Cancelled
652,173,26,Project 652,Web Development,6784,2024-10-18,2024-11-05,,On Hold
653,101,92,Project 653,Cybersecurity,6326,2024-12-01,2024-12-22,2024-12-25,Completed
654,51,366,Project 654,Web Development,8129,2026-02-23,2026-04-18,,Cancelled
655,24,417,Project 655,Cybersecurity,2093,2024-11-12,2025-02-07,,Ongoing
656,176,330,Project 656,Cybersecurity,8209,2024-11-02,2025-01-14,,Cancelled
657,37,441,Project 657,Content Writing,6454,2026-01-28,2026-03-13,,Ongoing
658,180,470,Project 658,SEO,5820,2026-03-07,2026-05-11,,Ongoing
659,8,34,Project 659,Cybersecurity,2349,2026-03-07,2026-05-19,,On Hold
660,119,434,Project 660,Machine Learning,5124,2026-05-05,2026-07-03,,On Hold
661,155,295,Project 661,Machine Learning,8822,2026-06-19,2026-10-10,,Cancelled
662,183,408,Project 662,Web Development,5839,2025-05-26,2025-06-23,,On Hold
663,78,273,Project 663,Cybersecurity,7066,2025-07-29,2025-10-23,2025-11-07,Completed
664,62,318,Project 664,UI/UX,9477,2025-01-21,2025-04-21,,On Hold
665,99,34,Project 665,SEO,3911,2024-08-11,2024-09-15,,On Hold
666,112,291,Project 666,SEO,9421,2024-09-02,2024-12-30,,On Hold
667,45,340,Project 667,Web Development,9907,2025-12-05,2026-03-18,,Ongoing
668,153,238,Project 668,SEO,9594,2025-06-14,2025-08-30,2025-09-07,Completed
669,46,158,Project 669,Graphic Design,1640,2025-02-19,2025-03-18,,On Hold
670,153,395,Project 670,Graphic Design,5864,2024-09-24,2024-12-24,2025-01-04,Completed
671,56,419,Project 671,Machine Learning,503,2025-10-15,2026-01-01,2025-12-24,Completed
672,170,77,Project 672,Cybersecurity,9204,2024-09-04,2024-12-24,,Ongoing
673,158,296,Project 673,Cybersecurity,3705,2025-09-18,2025-11-09,,On Hold
674,77,292,Project 674,Content Writing,7622,2026-04-11,2026-05-22,,Cancelled
675,23,299,Project 675,Data Analytics,8862,2025-02-10,2025-05-27,,Cancelled
676,76,32,Project 676,SEO,9492,2025-05-18,2025-07-23,,Ongoing
677,144,421,Project 677,SEO,2297,2025-09-16,2025-10-07,2025-10-19,Completed
678,111,360,Project 678,Graphic Design,5712,2025-02-01,2025-03-24,2025-03-21,Completed
679,104,196,Project 679,Graphic Design,9431,2025-08-24,2025-12-08,,On Hold
680,122,72,Project 680,UI/UX,9600,2025-08-10,2025-09-21,,Ongoing
681,107,79,Project 681,Content Writing,2556,2025-03-16,2025-05-19,,Cancelled
682,166,9,Project 682,Machine Learning,8474,2025-02-09,2025-03-13,2025-03-05,Completed
683,35,44,Project 683,Machine Learning,7313,2025-05-02,2025-08-09,,On Hold
684,160,93,Project 684,Cybersecurity,8846,2024-06-26,2024-09-07,,On Hold
685,99,182,Project 685,UI/UX,3544,2024-12-19,2025-02-26,,On Hold
686,128,434,Project 686,UI/UX,8720,2024-12-01,2025-02-08,2025-02-16,Completed
687,140,296,Project 687,SEO,1048,2025-12-15,2026-02-02,,On Hold
688,181,189,Project 688,Web Development,8389,2025-05-07,2025-05-26,,On Hold
689,187,375,Project 689,Content Writing,8117,2026-02-27,2026-06-10,2026-06-04,Completed
690,157,46,Project 690,UI/UX,8240,2024-09-29,2024-12-19,2024-12-25,Completed
691,163,277,Project 691,Content Writing,1364,2025-12-10,2026-03-15,2026-03-26,Completed
692,117,263,Project 692,Cybersecurity,9903,2026-03-26,2026-05-23,2026-05-28,Completed
693,108,181,Project 693,Content Writing,5238,2025-05-27,2025-09-12,,Cancelled
694,153,384,Project 694,Content Writing,9735,2025-03-12,2025-04-17,2025-04-29,Completed
695,122,297,Project 695,Machine Learning,9885,2025-02-01,2025-03-21,2025-03-31,Completed
696,189,320,Project 696,Data Analytics,5199,2025-07-31,2025-08-21,,Cancelled
697,130,40,Project 697,Content Writing,4629,2024-10-29,2025-01-14,2025-01-08,Completed
698,71,440,Project 698,Content Writing,732,2025-09-09,2025-10-10,,Cancelled
699,45,466,Project 699,Machine Learning,7817,2026-02-28,2026-06-17,2026-06-26,Completed
700,67,401,Project 700,UI/UX,8444,2026-03-12,2026-05-13,,Ongoing
701,22,496,Project 701,Machine Learning,3025,2024-10-03,2024-11-10,2024-11-10,Completed
702,198,197,Project 702,UI/UX,7711,2025-07-21,2025-10-07,,On Hold
703,54,296,Project 703,SEO,1390,2025-01-01,2025-04-18,,Ongoing
704,194,420,Project 704,Web Development,1360,2026-04-01,2026-07-07,,Cancelled
705,103,244,Project 705,Content Writing,8303,2024-08-17,2024-09-22,,On Hold
706,98,350,Project 706,Graphic Design,8275,2024-08-17,2024-12-05,,Ongoing
707,136,446,Project 707,Graphic Design,694,2024-07-06,2024-08-23,,Ongoing
708,98,348,Project 708,SEO,9187,2025-06-28,2025-08-18,,On Hold
709,137,327,Project 709,SEO,7574,2024-07-15,2024-10-25,2024-10-18,Completed
710,86,139,Project 710,Content Writing,2110,2025-08-22,2025-11-23,,Cancelled
711,119,396,Project 711,UI/UX,3693,2025-04-15,2025-06-01,,On Hold
712,174,354,Project 712,Machine Learning,5632,2025-08-28,2025-11-17,,Cancelled
713,3,426,Project 713,Web Development,695,2026-04-16,2026-07-10,2026-07-21,Completed
714,27,351,Project 714,Cybersecurity,6259,2025-07-31,2025-10-06,2025-10-12,Completed
715,65,99,Project 715,Data Analytics,888,2025-07-25,2025-09-06,,Cancelled
716,153,337,Project 716,UI/UX,2495,2026-06-23,2026-09-25,2026-09-16,Completed
717,155,67,Project 717,Graphic Design,9774,2025-06-03,2025-09-16,2025-09-08,Completed
718,29,357,Project 718,Machine Learning,4650,2026-01-10,2026-05-07,,Ongoing
719,170,480,Project 719,Web Development,7929,2025-03-17,2025-05-08,,On Hold
720,178,463,Project 720,SEO,4716,2024-12-03,2025-01-22,,On Hold
721,199,32,Project 721,Graphic Design,6866,2026-01-08,2026-02-12,2026-02-10,Completed
722,68,92,Project 722,Cybersecurity,1637,2025-12-10,2026-02-05,2026-02-03,Completed
723,157,202,Project 723,Machine Learning,8561,2025-01-21,2025-04-08,,Ongoing
724,139,394,Project 724,Graphic Design,4078,2025-05-28,2025-06-25,,Ongoing
725,114,367,Project 725,Content Writing,2192,2025-07-01,2025-10-02,2025-10-21,Completed
726,147,373,Project 726,Content Writing,7805,2025-04-09,2025-04-28,2025-04-20,Completed
727,39,335,Project 727,Data Analytics,1119,2025-06-25,2025-07-12,,On Hold
728,69,78,Project 728,SEO,6911,2025-10-20,2026-01-28,,On Hold
729,182,482,Project 729,Cybersecurity,8333,2026-03-04,2026-05-31,2026-06-06,Completed
730,187,400,Project 730,Web Development,9349,2026-02-02,2026-04-13,,On Hold
731,177,419,Project 731,Cybersecurity,2485,2025-09-14,2025-10-27,2025-10-29,Completed
732,86,350,Project 732,Content Writing,7063,2024-10-22,2025-01-17,,Cancelled
733,137,437,Project 733,SEO,1818,2025-07-03,2025-07-25,2025-07-26,Completed
734,166,104,Project 734,Machine Learning,9584,2025-05-15,2025-07-27,,Cancelled
735,170,98,Project 735,Content Writing,6891,2024-10-31,2024-11-20,,On Hold
736,125,44,Project 736,Cybersecurity,3604,2026-05-17,2026-06-14,,Cancelled
737,7,369,Project 737,UI/UX,8515,2025-10-18,2025-11-19,2025-11-15,Completed
738,139,330,Project 738,Content Writing,8686,2026-05-31,2026-08-03,2026-08-18,Completed
739,5,19,Project 739,SEO,1418,2025-12-12,2026-03-05,,On Hold
740,31,109,Project 740,Cybersecurity,9291,2025-06-11,2025-08-08,2025-08-10,Completed
741,19,19,Project 741,Machine Learning,8510,2025-03-12,2025-04-15,,Ongoing
742,159,24,Project 742,UI/UX,2638,2024-11-29,2025-03-07,2025-03-12,Completed
743,162,26,Project 743,Content Writing,2094,2025-06-14,2025-06-30,,Ongoing
744,152,33,Project 744,Web Development,2370,2024-08-07,2024-10-19,,Ongoing
745,17,412,Project 745,UI/UX,7483,2025-03-20,2025-06-06,,Ongoing
746,84,62,Project 746,Machine Learning,5768,2024-07-24,2024-09-20,,On Hold
747,196,24,Project 747,Machine Learning,5996,2024-11-21,2025-03-17,,Ongoing
748,37,388,Project 748,Graphic Design,3253,2026-04-17,2026-05-10,2026-05-08,Completed
749,142,85,Project 749,Cybersecurity,4491,2025-03-14,2025-06-26,,Cancelled
750,26,406,Project 750,Graphic Design,3084,2025-06-01,2025-08-29,2025-08-23,Completed
751,21,4,Project 751,Data Analytics,3439,2025-05-21,2025-06-07,,On Hold
752,107,356,Project 752,Cybersecurity,2579,2024-07-26,2024-08-21,,Cancelled
753,164,139,Project 753,Cybersecurity,7250,2026-06-09,2026-07-20,,Ongoing
754,157,355,Project 754,Data Analytics,3449,2025-02-14,2025-03-31,,Ongoing
755,157,487,Project 755,Web Development,5434,2025-11-19,2026-03-05,,On Hold
756,2,286,Project 756,UI/UX,3644,2025-07-09,2025-09-06,,On Hold
757,93,442,Project 757,UI/UX,8105,2026-02-19,2026-03-21,2026-03-30,Completed
758,71,28,Project 758,UI/UX,2346,2026-02-23,2026-06-16,,Ongoing
759,176,433,Project 759,Cybersecurity,8651,2025-01-01,2025-04-27,,Ongoing
760,172,473,Project 760,Data Analytics,1385,2025-07-25,2025-08-31,,Ongoing
761,73,108,Project 761,Graphic Design,4618,2024-10-28,2025-02-02,,Cancelled
762,12,54,Project 762,Data Analytics,9304,2025-10-13,2025-12-09,,On Hold
763,8,249,Project 763,Web Development,1660,2025-03-17,2025-04-23,,Ongoing
764,152,297,Project 764,SEO,7365,2025-10-13,2025-11-27,,On Hold
765,59,399,Project 765,Web Development,5843,2026-02-23,2026-04-04,,Cancelled
766,189,212,Project 766,UI/UX,6652,2025-07-05,2025-08-18,2025-08-15,Completed
767,150,249,Project 767,Data Analytics,7641,2025-03-25,2025-05-07,2025-05-12,Completed
768,157,233,Project 768,Machine Learning,6846,2026-04-17,2026-05-20,,Ongoing
769,118,369,Project 769,UI/UX,6375,2025-07-05,2025-09-05,,Ongoing
770,86,66,Project 770,Data Analytics,9817,2025-03-07,2025-04-25,,Ongoing
771,35,57,Project 771,Cybersecurity,8013,2026-03-19,2026-04-10,,Cancelled
772,195,176,Project 772,UI/UX,5335,2025-06-13,2025-08-20,,Ongoing
773,164,488,Project 773,Machine Learning,9971,2025-06-10,2025-09-10,,Ongoing
774,23,211,Project 774,Cybersecurity,4046,2025-09-07,2025-12-01,,Ongoing
775,119,143,Project 775,Data Analytics,7514,2025-06-24,2025-09-22,,On Hold
776,64,168,Project 776,Graphic Design,9993,2024-10-02,2025-01-19,,Ongoing
777,147,460,Project 777,Data Analytics,7344,2024-10-22,2024-12-04,,Ongoing
778,188,394,Project 778,Data Analytics,7474,2024-08-18,2024-09-07,2024-09-12,Completed
779,123,415,Project 779,Web Development,7912,2025-10-06,2025-12-27,,On Hold
780,22,286,Project 780,Data Analytics,7162,2024-11-24,2025-02-10,,Ongoing
781,92,152,Project 781,UI/UX,1986,2024-11-06,2024-12-18,,Ongoing
782,172,157,Project 782,Machine Learning,8024,2025-03-14,2025-03-31,,On Hold
783,119,396,Project 783,Machine Learning,7141,2025-11-29,2026-02-25,2026-03-01,Completed
784,161,238,Project 784,Data Analytics,1658,2024-09-17,2024-10-25,,Cancelled
785,136,17,Project 785,Content Writing,7477,2024-12-08,2025-02-10,,Cancelled
786,179,485,Project 786,UI/UX,1826,2026-02-05,2026-05-27,,Cancelled
787,189,478,Project 787,Data Analytics,8933,2025-12-01,2026-03-05,,Cancelled
788,14,57,Project 788,Graphic Design,6489,2025-06-09,2025-09-18,,Cancelled
789,94,90,Project 789,Web Development,9687,2025-06-08,2025-08-21,2025-08-22,Completed
790,36,172,Project 790,UI/UX,9341,2024-11-24,2025-03-09,,Ongoing
791,189,481,Project 791,UI/UX,4193,2024-10-18,2024-11-16,,On Hold
792,69,258,Project 792,Graphic Design,5040,2026-02-22,2026-04-19,,Cancelled
793,89,232,Project 793,Cybersecurity,8715,2024-07-09,2024-07-30,2024-07-31,Completed
794,182,273,Project 794,Content Writing,7905,2024-07-24,2024-10-14,2024-10-19,Completed
795,173,485,Project 795,Web Development,3585,2025-08-16,2025-11-18,,Cancelled
796,101,460,Project 796,Machine Learning,5224,2024-10-18,2024-12-30,2024-12-22,Completed
797,71,58,Project 797,Machine Learning,8631,2025-09-26,2025-10-20,2025-10-15,Completed
798,134,488,Project 798,Data Analytics,5303,2024-07-21,2024-08-24,,Ongoing
799,122,178,Project 799,Graphic Design,7772,2025-08-15,2025-10-22,,Ongoing
800,49,33,Project 800,Data Analytics,4306,2024-08-02,2024-11-19,2024-11-18,Completed
801,106,297,Project 801,SEO,5846,2024-12-28,2025-03-19,,Cancelled
802,118,156,Project 802,Machine Learning,5521,2024-11-01,2025-01-17,,On Hold
803,59,248,Project 803,SEO,5220,2026-05-24,2026-06-29,,Cancelled
804,91,146,Project 804,Cybersecurity,3225,2025-09-04,2025-12-26,2025-12-20,Completed
805,183,275,Project 805,Content Writing,3486,2025-08-08,2025-11-10,,Ongoing
806,42,122,Project 806,Web Development,1174,2024-07-06,2024-08-12,,Ongoing
807,113,134,Project 807,SEO,3522,2025-11-30,2026-01-24,,Ongoing
808,82,177,Project 808,Machine Learning,6609,2025-10-19,2025-11-29,2025-12-10,Completed
809,137,155,Project 809,Web Development,908,2025-01-16,2025-03-29,,Ongoing
810,197,75,Project 810,Cybersecurity,5746,2024-08-24,2024-10-29,,On Hold
811,140,500,Project 811,SEO,5342,2025-05-17,2025-06-20,2025-07-03,Completed
812,194,294,Project 812,Machine Learning,9760,2026-06-18,2026-09-01,,Cancelled
813,87,353,Project 813,Web Development,8347,2026-03-18,2026-07-04,,On Hold
814,174,283,Project 814,Web Development,5547,2024-10-25,2024-11-14,,Ongoing
815,159,431,Project 815,UI/UX,7806,2026-02-19,2026-03-09,,On Hold
816,15,312,Project 816,UI/UX,9125,2025-09-05,2025-11-04,2025-11-04,Completed
817,51,12,Project 817,Web Development,9321,2026-01-24,2026-03-08,,Cancelled
818,101,100,Project 818,Cybersecurity,5706,2026-02-12,2026-04-25,2026-05-01,Completed
819,171,185,Project 819,Graphic Design,2923,2024-11-02,2025-02-02,2025-02-21,Completed
820,95,198,Project 820,SEO,699,2025-10-18,2026-02-01,,On Hold
821,90,158,Project 821,Cybersecurity,9691,2025-01-02,2025-02-22,,Cancelled
822,187,455,Project 822,Cybersecurity,7309,2025-12-04,2025-12-30,,Ongoing
823,74,84,Project 823,Graphic Design,7286,2025-02-28,2025-06-25,,On Hold
824,54,156,Project 824,Cybersecurity,9106,2025-05-20,2025-06-21,2025-06-15,Completed
825,152,388,Project 825,Graphic Design,1949,2025-08-28,2025-10-24,2025-11-12,Completed
826,164,469,Project 826,Content Writing,7291,2024-12-07,2024-12-22,,On Hold
827,182,291,Project 827,Machine Learning,3764,2025-03-31,2025-05-07,,On Hold
828,75,284,Project 828,Cybersecurity,1191,2024-09-10,2024-10-18,,On Hold
829,150,156,Project 829,Cybersecurity,9663,2024-11-17,2025-03-17,,Cancelled
830,58,14,Project 830,Data Analytics,3023,2026-03-13,2026-06-30,,On Hold
831,164,428,Project 831,Cybersecurity,2534,2025-06-26,2025-08-13,,Cancelled
832,107,92,Project 832,Cybersecurity,4509,2025-04-25,2025-08-01,,Cancelled
833,71,253,Project 833,Web Development,6427,2024-10-10,2024-10-28,2024-11-11,Completed
834,145,224,Project 834,Content Writing,8299,2024-09-01,2024-11-29,,On Hold
835,132,376,Project 835,Data Analytics,4752,2025-06-05,2025-09-16,2025-09-17,Completed
836,82,237,Project 836,Machine Learning,6355,2025-09-15,2025-10-20,2025-10-14,Completed
837,93,215,Project 837,SEO,1298,2024-07-21,2024-08-25,2024-08-23,Completed
838,136,328,Project 838,Web Development,8919,2026-01-17,2026-03-10,,Cancelled
839,196,49,Project 839,Machine Learning,9408,2025-06-25,2025-08-03,,Ongoing
840,176,410,Project 840,Content Writing,4947,2024-09-16,2024-11-11,,Cancelled
841,25,274,Project 841,SEO,2854,2025-06-10,2025-09-20,,Cancelled
842,133,145,Project 842,SEO,8444,2024-09-26,2024-10-12,,Ongoing
843,42,53,Project 843,UI/UX,3032,2025-09-07,2025-11-13,,Cancelled
844,49,408,Project 844,Web Development,7337,2026-02-17,2026-05-07,,Ongoing
845,34,473,Project 845,Data Analytics,8356,2026-04-09,2026-06-21,2026-06-14,Completed
846,177,186,Project 846,Machine Learning,7740,2026-01-10,2026-03-10,,Cancelled
847,45,364,Project 847,Content Writing,971,2025-10-10,2026-01-09,,Cancelled
848,33,439,Project 848,Machine Learning,4212,2025-07-09,2025-10-27,2025-10-24,Completed
849,54,67,Project 849,Web Development,7460,2025-03-20,2025-05-13,,Ongoing
850,5,397,Project 850,Cybersecurity,7565,2024-07-24,2024-11-04,2024-10-27,Completed
851,28,17,Project 851,Data Analytics,8185,2025-07-15,2025-08-04,,Ongoing
852,12,34,Project 852,Content Writing,668,2024-12-07,2025-01-06,,Cancelled
853,32,472,Project 853,UI/UX,3777,2026-01-30,2026-05-21,2026-06-05,Completed
854,8,47,Project 854,Machine Learning,5044,2026-01-21,2026-02-28,,Cancelled
855,91,83,Project 855,UI/UX,8772,2025-03-28,2025-06-25,,Cancelled
856,149,391,Project 856,Data Analytics,9164,2025-08-27,2025-11-22,2025-11-15,Completed
857,73,88,Project 857,Data Analytics,2116,2025-12-16,2026-01-27,,Ongoing
858,94,358,Project 858,Machine Learning,7703,2025-12-31,2026-02-11,,On Hold
859,91,195,Project 859,Graphic Design,4010,2025-11-14,2026-02-23,2026-02-18,Completed
860,105,58,Project 860,SEO,2525,2024-09-02,2024-11-21,,Ongoing
861,35,254,Project 861,SEO,5223,2024-09-28,2024-12-11,2024-12-17,Completed
862,84,253,Project 862,Web Development,6804,2025-06-06,2025-08-31,2025-08-23,Completed
863,154,377,Project 863,Content Writing,7773,2024-12-09,2025-01-29,,On Hold
864,75,438,Project 864,Graphic Design,3593,2026-03-12,2026-04-24,,On Hold
865,174,189,Project 865,Machine Learning,709,2025-01-16,2025-02-08,,On Hold
866,173,54,Project 866,Graphic Design,7677,2026-03-25,2026-07-04,,On Hold
867,37,203,Project 867,Graphic Design,2166,2025-04-17,2025-07-07,2025-06-30,Completed
868,17,187,Project 868,UI/UX,6048,2024-11-08,2025-02-25,,Ongoing
869,32,120,Project 869,Graphic Design,8677,2025-11-23,2026-01-02,,On Hold
870,194,405,Project 870,Graphic Design,6334,2026-01-21,2026-03-12,,Cancelled
871,125,262,Project 871,Content Writing,2914,2025-08-19,2025-11-02,,On Hold
872,28,63,Project 872,Content Writing,8517,2024-09-17,2025-01-08,,On Hold
873,161,483,Project 873,Machine Learning,986,2024-06-28,2024-09-14,,Ongoing
874,18,256,Project 874,Data Analytics,3434,2025-10-14,2025-11-10,2025-11-26,Completed
875,40,156,Project 875,Web Development,1753,2025-11-07,2026-01-09,,Cancelled
876,120,104,Project 876,Content Writing,8657,2025-02-08,2025-05-18,,On Hold
877,139,176,Project 877,Data Analytics,1017,2025-03-14,2025-05-30,,Cancelled
878,116,162,Project 878,Graphic Design,7750,2024-10-14,2024-12-23,2024-12-25,Completed
879,46,286,Project 879,Content Writing,3189,2025-10-12,2025-12-24,2025-12-15,Completed
880,35,160,Project 880,Graphic Design,8486,2024-12-25,2025-03-12,,On Hold
881,173,252,Project 881,Cybersecurity,8297,2026-03-09,2026-06-29,2026-07-07,Completed
882,130,29,Project 882,Graphic Design,4815,2025-04-28,2025-07-23,,Ongoing
883,158,347,Project 883,SEO,5160,2025-03-17,2025-06-03,,On Hold
884,152,24,Project 884,Machine Learning,6503,2025-01-10,2025-03-07,2025-02-25,Completed
885,161,175,Project 885,Graphic Design,2094,2025-11-02,2025-12-31,2026-01-14,Completed
886,92,211,Project 886,SEO,1424,2025-12-26,2026-03-05,,Cancelled
887,64,121,Project 887,Content Writing,1891,2025-04-21,2025-07-29,,Ongoing
888,79,59,Project 888,SEO,3281,2026-01-16,2026-04-29,2026-05-16,Completed
889,10,236,Project 889,Graphic Design,9806,2025-06-10,2025-06-27,,Cancelled
890,69,11,Project 890,Cybersecurity,864,2025-03-20,2025-06-08,,On Hold
891,147,200,Project 891,SEO,9880,2025-08-02,2025-09-26,,On Hold
892,26,354,Project 892,UI/UX,6004,2024-12-25,2025-01-21,,On Hold
893,43,315,Project 893,Content Writing,6452,2025-02-02,2025-04-21,,Cancelled
894,128,326,Project 894,Web Development,9279,2025-03-01,2025-05-10,,Ongoing
895,68,25,Project 895,Content Writing,9896,2025-11-20,2026-01-01,,Cancelled
896,160,381,Project 896,Web Development,9973,2025-12-12,2026-02-16,,Ongoing
897,70,35,Project 897,Cybersecurity,7497,2026-03-10,2026-04-06,,Cancelled
898,20,334,Project 898,Content Writing,8768,2025-10-17,2025-11-27,,Cancelled
899,111,340,Project 899,SEO,3778,2025-12-21,2026-04-17,,Cancelled
900,65,320,Project 900,Cybersecurity,9471,2025-05-15,2025-07-22,,On Hold
901,181,265,Project 901,Machine Learning,9951,2025-11-16,2025-12-24,2026-01-03,Completed
902,170,493,Project 902,Cybersecurity,4889,2024-10-19,2025-01-05,,Ongoing
903,145,373,Project 903,Data Analytics,9056,2024-11-26,2025-03-02,,On Hold
904,119,76,Project 904,UI/UX,2965,2025-04-11,2025-05-21,,Cancelled
905,112,211,Project 905,SEO,1555,2025-02-25,2025-06-15,,Cancelled
906,106,137,Project 906,Content Writing,3131,2025-07-30,2025-11-03,,Ongoing
907,104,123,Project 907,Web Development,2956,2025-11-14,2025-12-31,,Ongoing
908,80,238,Project 908,Cybersecurity,9672,2025-11-21,2025-12-30,2025-12-27,Completed
909,166,464,Project 909,Data Analytics,3809,2024-10-18,2024-12-27,,On Hold
910,35,15,Project 910,Content Writing,5051,2026-05-29,2026-07-03,,Cancelled
911,165,437,Project 911,Data Analytics,8460,2024-06-26,2024-10-03,,Ongoing
912,22,161,Project 912,Content Writing,1541,2024-08-28,2024-12-21,2024-12-12,Completed
913,172,337,Project 913,Web Development,7002,2024-10-07,2024-12-13,,Cancelled
914,61,58,Project 914,Web Development,9051,2026-04-30,2026-08-15,,Ongoing
915,128,453,Project 915,Web Development,4400,2025-05-07,2025-08-15,,Cancelled
916,81,169,Project 916,Graphic Design,4365,2024-08-08,2024-11-07,2024-11-21,Completed
917,37,55,Project 917,Machine Learning,4007,2024-12-02,2025-02-09,,Ongoing
918,105,131,Project 918,Data Analytics,8534,2024-08-20,2024-10-09,,On Hold
919,180,486,Project 919,Web Development,5685,2024-07-20,2024-10-11,,Cancelled
920,122,350,Project 920,UI/UX,5050,2025-03-30,2025-06-22,,On Hold
921,93,244,Project 921,SEO,5549,2026-06-12,2026-10-05,,Ongoing
922,190,340,Project 922,Data Analytics,4426,2025-09-14,2025-10-01,2025-10-17,Completed
923,80,328,Project 923,SEO,2499,2025-07-08,2025-08-24,,On Hold
924,114,199,Project 924,Data Analytics,6938,2025-11-25,2026-02-16,,Ongoing
925,24,480,Project 925,UI/UX,5372,2025-09-02,2025-10-19,,Cancelled
926,113,324,Project 926,SEO,7156,2026-05-15,2026-06-25,,Ongoing
927,21,422,Project 927,Cybersecurity,8218,2026-02-12,2026-06-08,2026-06-06,Completed
928,86,368,Project 928,Graphic Design,2144,2025-10-04,2026-01-21,,On Hold
929,179,134,Project 929,Web Development,6264,2025-05-09,2025-09-06,,Ongoing
930,117,356,Project 930,Data Analytics,1353,2024-11-17,2025-01-24,,Cancelled
931,162,228,Project 931,Machine Learning,550,2025-10-16,2026-01-21,,Ongoing
932,161,157,Project 932,SEO,9934,2026-01-31,2026-04-07,,Ongoing
933,64,265,Project 933,Machine Learning,7222,2025-01-18,2025-02-12,2025-02-07,Completed
934,116,245,Project 934,Machine Learning,4770,2024-07-17,2024-11-10,,Cancelled
935,73,102,Project 935,Web Development,7291,2025-09-04,2025-10-11,,Cancelled
936,101,449,Project 936,Graphic Design,9845,2025-07-05,2025-09-05,,Ongoing
937,6,473,Project 937,UI/UX,1957,2024-12-09,2025-01-21,2025-02-10,Completed
938,68,360,Project 938,Machine Learning,1315,2024-10-24,2025-01-06,,Ongoing
939,154,134,Project 939,Machine Learning,1959,2024-07-19,2024-09-23,,On Hold
940,146,61,Project 940,Data Analytics,9115,2024-12-14,2025-02-14,,Ongoing
941,173,254,Project 941,Web Development,4177,2024-06-23,2024-09-01,,On Hold
942,49,485,Project 942,Content Writing,5217,2024-10-16,2025-01-30,,Ongoing
943,98,67,Project 943,Graphic Design,3885,2026-06-21,2026-10-09,,On Hold
944,73,373,Project 944,UI/UX,7353,2026-01-13,2026-04-14,,Ongoing
945,38,15,Project 945,Content Writing,4789,2025-03-08,2025-04-15,,On Hold
946,64,190,Project 946,Cybersecurity,1904,2025-04-07,2025-05-22,,On Hold
947,35,447,Project 947,SEO,7013,2025-08-25,2025-09-10,,On Hold
948,183,197,Project 948,Graphic Design,4698,2025-07-06,2025-10-16,,Ongoing
949,16,27,Project 949,SEO,4347,2025-12-13,2026-01-06,2026-01-13,Completed
950,156,481,Project 950,Data Analytics,587,2024-08-12,2024-10-26,,Cancelled
951,78,203,Project 951,SEO,2666,2024-08-27,2024-10-13,,On Hold
952,46,134,Project 952,Machine Learning,8753,2025-01-16,2025-04-12,2025-04-20,Completed
953,120,68,Project 953,Web Development,5698,2026-02-19,2026-05-08,,Cancelled
954,37,134,Project 954,Web Development,5632,2026-04-22,2026-08-05,,On Hold
955,128,447,Project 955,Content Writing,6407,2025-03-04,2025-03-24,,Ongoing
956,68,314,Project 956,Content Writing,8970,2026-05-28,2026-08-06,,Cancelled
957,43,162,Project 957,Cybersecurity,2978,2025-01-11,2025-03-07,,On Hold
958,14,97,Project 958,Machine Learning,1394,2025-09-09,2025-12-04,,On Hold
959,10,241,Project 959,Content Writing,3179,2024-11-12,2024-12-26,,Ongoing
960,112,60,Project 960,Cybersecurity,1168,2026-05-03,2026-08-16,,On Hold
961,182,288,Project 961,Cybersecurity,7999,2025-08-17,2025-10-27,,Cancelled
962,185,444,Project 962,Machine Learning,2525,2024-12-30,2025-03-18,2025-04-04,Completed
963,73,93,Project 963,Machine Learning,8835,2025-04-16,2025-06-14,2025-06-10,Completed
964,145,457,Project 964,UI/UX,567,2024-09-08,2025-01-06,,Cancelled
965,107,472,Project 965,Web Development,4533,2024-08-14,2024-11-04,,Ongoing
966,174,49,Project 966,SEO,925,2025-01-24,2025-05-17,,On Hold
967,96,303,Project 967,Web Development,5800,2026-05-16,2026-07-06,2026-07-08,Completed
968,118,426,Project 968,Cybersecurity,7939,2026-01-30,2026-03-05,2026-02-25,Completed
969,153,337,Project 969,Data Analytics,5897,2026-05-23,2026-08-26,,Cancelled
970,84,486,Project 970,Machine Learning,3963,2026-03-25,2026-04-14,,On Hold
971,83,409,Project 971,Data Analytics,1658,2026-02-07,2026-02-28,,Cancelled
972,24,205,Project 972,Content Writing,3416,2025-08-17,2025-11-10,,On Hold
973,23,11,Project 973,UI/UX,3169,2025-11-12,2025-12-27,,On Hold
974,73,332,Project 974,Machine Learning,2475,2026-05-30,2026-08-02,,On Hold
975,111,377,Project 975,Content Writing,2651,2025-08-08,2025-09-30,,On Hold
976,95,263,Project 976,UI/UX,8521,2026-01-06,2026-03-07,2026-03-23,Completed
977,122,138,Project 977,Graphic Design,1978,2025-12-28,2026-03-10,,On Hold
978,95,315,Project 978,Machine Learning,7612,2026-05-26,2026-09-14,,On Hold
979,24,21,Project 979,SEO,8094,2025-05-24,2025-08-27,,On Hold
980,166,352,Project 980,Machine Learning,8615,2025-05-25,2025-09-03,,Ongoing
981,120,224,Project 981,Web Development,8325,2025-08-25,2025-11-15,2025-11-14,Completed
982,33,351,Project 982,Content Writing,4573,2024-07-12,2024-09-03,,Ongoing
983,76,292,Project 983,Data Analytics,9527,2024-09-15,2024-12-05,,On Hold
984,28,262,Project 984,Graphic Design,7266,2024-08-11,2024-09-04,2024-09-10,Completed
985,170,369,Project 985,Content Writing,6323,2025-09-29,2025-10-26,,On Hold
986,129,9,Project 986,Web Development,8083,2026-06-19,2026-08-05,2026-08-19,Completed
987,101,24,Project 987,Web Development,7319,2025-10-30,2025-12-06,,Ongoing
988,81,301,Project 988,Cybersecurity,7871,2024-12-08,2025-03-23,,Cancelled
989,88,495,Project 989,Machine Learning,3958,2025-02-08,2025-05-13,,Cancelled
990,155,133,Project 990,Web Development,7607,2026-05-22,2026-06-29,2026-07-12,Completed
991,102,60,Project 991,Data Analytics,3313,2025-07-05,2025-09-26,2025-09-16,Completed
992,118,355,Project 992,Graphic Design,8474,2024-06-30,2024-10-06,,On Hold
993,177,345,Project 993,Graphic Design,5458,2026-02-21,2026-04-15,,Cancelled
994,35,8,Project 994,UI/UX,2333,2024-12-21,2025-01-16,,Ongoing
995,49,440,Project 995,Data Analytics,3928,2024-08-29,2024-12-26,2025-01-07,Completed
996,167,124,Project 996,Graphic Design,9324,2025-10-28,2026-01-12,,Ongoing
997,198,238,Project 997,Machine Learning,8265,2026-02-13,2026-03-24,2026-03-23,Completed
998,43,463,Project 998,Machine Learning,7795,2024-08-17,2024-10-25,2024-10-18,Completed
999,6,441,Project 999,Cybersecurity,4475,2026-05-04,2026-07-20,,On Hold
1000,146,425,Project 1000,Graphic Design,1334,2025-06-06,2025-07-16,,Cancelled
